[
  {
    "entity": "#minecraft:skeletons",
    "slot": "mainhand"
  },
  {
    "entity": "minecraft:zombie",
    "slot": "offhand"
  },
  {
    "entity": "minecraft:zombified_piglin",
    "slot": "mainhand"
  },
  {
    "entity": "minecraft:piglin",
    "slot": "mainhand"
  },
  {
    "entity": "minecraft:piglin_brute",
    "slot": "mainhand"
  },
  {
    "entity": "minecraft:drowned",
    "slot": "offhand"
  },
  {
    "entity": "minecraft:zombie_villager",
    "slot": "offhand"
  },
  {
    "entity": "minecraft:vex",
    "slot": "mainhand"
  },
  {
    "entity": "minecraft:pillager",
    "slot": "mainhand"
  },
  {
    "entity": "progressivebosses:wither_minion",
    "slot": "mainhand"
  }
]