{
  "type": "minecraft:random_patch",
  "config": {
    "tries": 17,
    "xz_spread": 22,
    "y_spread": 16,
    "feature": {
      "feature": {
        "type": "minecraft:simple_block",
        "config": {
          "to_place": {
            "type": "minecraft:weighted_state_provider",
            "entries": [
              {
                "weight": 1,
                "data": {
                  "Name": "iguanatweaksreborn:flint_rock"
                }
              }
            ]
          }
        }
      },
      "placement": [
        {
          "type": "minecraft:heightmap",
          "heightmap": "OCEAN_FLOOR_WG"
        },
        {
          "type": "minecraft:rarity_filter",
          "chance": 2
        }
      ]
    }
  }
}
