[
  {
    "item_a": "minecraft:baked_potato",
    "item_a_count": 4,
    "item_result": "minecraft:emerald",
    "max_uses": 1,
    "xp": 0
  },
  {
    "item_a": "minecraft:fermented_spider_eye",
    "item_result": "minecraft:emerald",
    "item_result_count": 3,
    "max_uses": 1,
    "xp": 0
  },
  {
    "item_a": "minecraft:hay_block",
    "item_result": "minecraft:emerald",
    "max_uses": 1,
    "xp": 0
  },
  {
    "item_a": "minecraft:milk_bucket",
    "item_result": "minecraft:emerald",
    "item_result_count": 2,
    "max_uses": 1,
    "xp": 0
  },
  {
    "item_a": "minecraft:potion",
    "item_a_tag": "{Potion:\"minecraft:water\"}",
    "item_result": "minecraft:emerald",
    "max_uses": 1,
    "xp": 0
  },
  {
    "item_a": "minecraft:water_bucket",
    "item_result": "minecraft:emerald",
    "item_result_count": 2,
    "max_uses": 1,
    "xp": 0
  }
]