[
  {
    "item_a": "minecraft:emerald",
    "item_a_count": 9,
    "item_result": "minecraft:book",
    "enchant_randomly": {
      "min_levels": 12,
      "max_levels": 22,
      "treasure": true
    },
    "max_uses": 1,
    "xp": 0
  },
  {
    "item_a": "minecraft:emerald",
    "item_a_count": 3,
    "item_result": "minecraft:book",
    "enchant_randomly": {
      "min_levels": 4,
      "max_levels": 8,
      "treasure": false
    },
    "max_uses": 1,
    "xp": 0
  },
  {
    "item_a": "minecraft:emerald",
    "item_result": "minecraft:gunpowder",
    "item_result_count": 4,
    "max_uses": 3,
    "xp": 0
  },
  {
    "item_a": "minecraft:emerald",
    "item_result": "minecraft:lily_pad",
    "item_result_count": 5,
    "max_uses": 2,
    "xp": 0
  },
  {
    "item_a": "minecraft:emerald",
    "item_result": "minecraft:packed_ice",
    "max_uses": 6,
    "xp": 0
  },
  {
    "item_a": "minecraft:emerald",
    "item_a_count": 6,
    "item_result": "minecraft:experience_bottle",
    "max_uses": 4,
    "xp": 0
  },
  {
    "item_a": "minecraft:emerald",
    "item_a_count": 8,
    "item_result": "minecraft:map",
    "item_result_tag": "{display:{Name:\u0027{\"translate\":\"filled_map.desert_pyramid\"}\u0027}}",
    "exploration_map": {
      "destination": "iguanatweaksreborn:desert_pyramid",
      "skip_existing_chunks": false
    },
    "max_uses": 1,
    "xp": 0
  },
  {
    "item_a": "minecraft:emerald",
    "item_a_count": 8,
    "item_result": "minecraft:map",
    "item_result_tag": "{display:{Name:\u0027{\"translate\":\"filled_map.jungle_pyramid\"}\u0027}}",
    "exploration_map": {
      "destination": "iguanatweaksreborn:jungle_pyramid",
      "skip_existing_chunks": false
    },
    "max_uses": 1,
    "xp": 0
  },
  {
    "item_a": "minecraft:emerald",
    "item_a_count": 8,
    "item_result": "minecraft:map",
    "item_result_tag": "{display:{Name:\u0027{\"translate\":\"filled_map.igloo\"}\u0027}}",
    "exploration_map": {
      "destination": "iguanatweaksreborn:igloo",
      "skip_existing_chunks": false
    },
    "max_uses": 1,
    "xp": 0
  },
  {
    "item_a": "minecraft:emerald",
    "item_a_count": 8,
    "item_result": "minecraft:map",
    "item_result_tag": "{display:{Name:\u0027{\"translate\":\"filled_map.trail_ruins\"}\u0027}}",
    "exploration_map": {
      "destination": "iguanatweaksreborn:trail_ruins",
      "decoration": "target_point",
      "skip_existing_chunks": false
    },
    "max_uses": 1,
    "xp": 0
  },
  {
    "item_a": "minecraft:emerald",
    "item_a_count": 8,
    "item_result": "minecraft:map",
    "item_result_tag": "{display:{Name:\u0027{\"translate\":\"filled_map.mansion\"}\u0027}}",
    "exploration_map": {
      "destination": "minecraft:on_woodland_explorer_maps",
      "search_radius": 100,
      "skip_existing_chunks": false
    },
    "max_uses": 1,
    "xp": 0
  },
  {
    "item_a": "minecraft:emerald",
    "item_a_count": 8,
    "item_result": "minecraft:map",
    "item_result_tag": "{display:{Name:\u0027{\"translate\":\"filled_map.monument\"}\u0027}}",
    "exploration_map": {
      "destination": "minecraft:on_ocean_explorer_maps",
      "decoration": "monument",
      "skip_existing_chunks": false
    },
    "max_uses": 1,
    "xp": 0
  }
]