[
  {
    "sub_season": "early_spring",
    "chance": 500,
    "grass_ticking_type": "grow",
    "light_level": 12
  },
  {
    "sub_season": "mid_spring",
    "chance": 500,
    "grass_ticking_type": "grow",
    "light_level": 12,
    "can_grow_flower": true
  },
  {
    "sub_season": "late_spring",
    "chance": 500,
    "grass_ticking_type": "grow",
    "light_level": 12,
    "can_grow_flower": true
  },
  {
    "sub_season": "early_summer",
    "chance": 1000,
    "grass_ticking_type": "grow",
    "light_level": 10,
    "can_grow_tall": true,
    "can_grow_flower": true
  },
  {
    "sub_season": "mid_summer",
    "chance": 1000,
    "grass_ticking_type": "grow",
    "light_level": 8,
    "can_grow_tall": true
  },
  {
    "sub_season": "late_summer",
    "chance": 1000,
    "grass_ticking_type": "grow",
    "light_level": 7,
    "can_grow_tall": true
  },
  {
    "sub_season": "early_autumn",
    "chance": 2000,
    "grass_ticking_type": "decay"
  },
  {
    "sub_season": "mid_autumn",
    "chance": 1000,
    "grass_ticking_type": "decay"
  },
  {
    "sub_season": "late_autumn",
    "chance": 500,
    "grass_ticking_type": "decay"
  },
  {
    "sub_season": "early_winter",
    "chance": 200,
    "grass_ticking_type": "decay"
  },
  {
    "sub_season": "mid_winter",
    "chance": 100,
    "grass_ticking_type": "decay"
  },
  {
    "sub_season": "late_winter",
    "chance": 400,
    "grass_ticking_type": "decay"
  }
]
